Y6_CSRID,NAME,CITY,STATE,PROGRAM
502023,Chaminade College Preparatory,West Hills,California,SoCal
503015,University of Central Arkansas,Conway,Arkansas,AR
503013,Ouachita Baptist University,Arkadelphia,Arkansas,AR
514018,Eastern Illinois University,Charlston,Illinois,IL
514038,Illinois Valley Community College,Oglesby,Illinois,IL
514064,Northwestern University,Evanston,Illinois,IL
514084,Southern Illinois University,Carbondale,Illinois,IL
514085,Southern Illinois University Edwardsville,Edwardsville,Illinois,IL
518061,McNeese State University,Lake Charles,Louisiana,LA
518082,Southeastern Louisiana University,Hammond,Louisiana,LA
521003,Bates College,Lewiston,Maine,ME
521047,University of New England,Biddeford,Maine,ME
521046,University of Maine,Orono,Maine,ME
505003,All Souls School,Englewood,Colorado,CO
527061,University of Nebraska - Omaha,Omaha,Nebraska,NE
532058,Rensselaer Polytechnic Institute,Troy,New York,NY
532074,SUNY New Paltz,New Paltz,New York,NY
532073,SUNY Canton,Canton,New York,NY
525049,Duke University,Durham,North Carolina,NC
513003,Bishop Kelly High School,Boise,Idaho,ID
540021,University of Utah,Salt Lake City,Utah,UT
540022,Utah State University,Logan,Utah,UT
540025,Weber State University,Ogden,Utah,UT
541218,Virginia Commonwealth University,Richmond,Virginia,VA
543134,Seattle University,Seattle,Washington,WA
504078,Little Explorers Early Learning Center,Kingman,Arizona,AZ
537017,LaSalle Academy,Providence,Rhode Island,RI
537003,Bishop Hendricken High School,Warwick,Rhode Island,RI
535010,Hillsboro School District,Hillsboro,Oregon,OR
521030,Madison Elementary School,Madison,Maine,ME
505078,Valley High School,Gilcrest,Colorado,CO
510006,Cherokee High School,Canton,Georgia,GA
511004,Central Middle School,Honolulu,Hawaii,HI
514069,Parkside Elementary School,Normal,Illinois,IL
505020,Fairview Elementary,Denver,Colorado,CO
521015,Fairview Elementary School,Auburn,Maine,ME
503008,Fort Smith Southside,Fort Smith,Arkansas,AR
514035,Hope Academy,Decatur,Illinois,IL
504049,Florence High School,Florence,Arizona,AZ
523060,Skyline High School,Urbana,Missouri,MO
505015,Creekside Elementary School,Centennial,Colorado,CO
504058,Hamilton High School,Chandler,Arizona,AZ
515009,Danville High School,Danville,Indiana,IN
506023,Oxford High School,Oxford,Connecticut,CT
514025,Goshen Elementary School,Edwardsville,Illinois,IL
514044,Lincoln Elementary School,Canton,Illinois,IL
505054,Northridge High School,Greeley,Colorado,CO
503012,Northside High School,Fort Smith,Arkansas,AR
512004,East High School,Sioux City,Iowa,IA
512019,West High School,Sioux City,Iowa,IA
504014,Cactus Shadows High School,Scottsdale,Arizona,AZ
504028,Chino Valley High School,Chino Valley,Arizona,AZ
504085,Mohave High School,Bullhead City,Arizona,AZ
504076,Liberty High School,Peoria,Arizona,AZ
504042,Desert Willow Elementary,Kingman,Arizona,AZ
525084,Happy Valley School,Patterson,North Carolina,NC
504112,Raymond Kellis High School,Glendale,Arizona,AZ
504097,Palo Verde H.S.,Tucson,Arizona,AZ
504025,Chandler High School,Chandler,Arizona,AZ
504006,Basha High School,Chandler,Arizona,AZ
504033,Coolidge High School,Coolidge,Arizona,AZ
504115,Ronald Reagan Elementary,Yuma,Arizona,AZ
504083,Mesquite Elementary,Yuma,Arizona,AZ
504047,Excelencia K-8,Phoenix,Arizona,AZ
504044,Dysart High School,El Mirage,Arizona,AZ
504145,Valley Vista High School,Surprise,Arizona,AZ
504128,Shadow Ridge High School,Surprise,Arizona,AZ
504153,Willow Canyon High School,Surprise,Arizona,AZ
504031,Coconino High School,Flagstaff,Arizona,AZ
504108,Poston Butte High School,San Tan Valley,Arizona,AZ
504050,Fowler Elementary School,Phoenix,Arizona,AZ
504124,Santa Maria Middle School,Phoenix,Arizona,AZ
504133,Sunridge Elementary,Phoenix,Arizona,AZ
504132,Sun Canyon Elementary,Phoenix,Arizona,AZ
504139,Tuscano Elementary,Phoenix,Arizona,AZ
504148,Western Valley Elementary,Phoenix,Arizona,AZ
504032,Col. Johnston Elementary,Ft. Huachuca,Arizona,AZ
504060,Highland High School,Gilbert,Arizona,AZ
504055,Gilbert High School,Gilbert,Arizona,AZ
504057,Greenfield Elementary,Gilbert,Arizona,AZ
504107,Playa Del Rey Elementary,Gilbert,Arizona,AZ
504136,Towne Meadows Elementary,Gilbert,Arizona,AZ
504130,Sonoma Ranch Elementary,Gilbert,Arizona,AZ
504143,Val Vista Lakes Elementary,Gilbert,Arizona,AZ
504084,Mesquite High School,Gilbert,Arizona,AZ
504126,Settler's Point Elementary,Gilbert,Arizona,AZ
504019,Carol Rae Ranch Elementary,Gilbert,Arizona,AZ
504007,Boulder Creek Elementary,Mesa,Arizona,AZ
504003,Ashland Ranch Elementary,Gilbert,Arizona,AZ
504004,Augusta Ranch Elementary,Mesa,Arizona,AZ
504038,Desert Ridge High School,Mesa,Arizona,AZ
504017,Canyon Rim Elementary,Mesa,Arizona,AZ
504110,Quartz Hill Elementary,Gilbert,Arizona,AZ
504015,Campo Verde High School,Gilbert,Arizona,AZ
523069,Washington High School,Washington,Missouri,MO
504129,Smoketree Elementary,Lake Havasu City,Arizona,AZ
504074,Lake Havasu High School,Lake Havasu City,Arizona,AZ
504079,Marana High School,Tucson,Arizona,AZ
504135,Tortolita Middle School,Tuscon,Arizona,AZ
504089,Mountain View High School,Tucson,Arizona,AZ
504046,Entz Elementary,Mesa,Arizona,AZ
514032,Holmes Elementary School,Oak Park,Illinois,IL
514039,Irving Elementary School,Oak Park,Illinois,IL
514094,Whittier Elementary School,Oak Park,Illinois,IL
504113,Red Mountain Center for Early Education,Mesa,Arizona,AZ
504091,North Canyon High School,Phoenix,Arizona,AZ
504127,Shadow Mountain High School,Phoenix,Arizona,AZ
504048,Explorer Middle School,Phoenix,Arizona,AZ
504134,Sunrise Mountain High School,Peoria,Arizona,AZ
513008,Centennial High School,Boise,Idaho,ID
504018,Carl Hayden High School,Phoenix,Arizona,AZ
504137,Trevor Browne High School,Phoenix,Arizona,AZ
505053,North High School,Denver,Colorado,CO
510003,Blue Ridge Elementary School,Blue Ridge,Georgia,GA
504027,Chaparral High School,Scottsdale,Arizona,AZ
504034,Coronado High School,Scottsdale,Arizona,AZ
504008,Boulder Creek High School,Anthem,Arizona,AZ
514030,Highland Primary School,Highland,Illinois,IL
504039,Desert Sonora Elementary,Somerton,Arizona,AZ
504093,Ocotillo Preschool,Tucson,Arizona,AZ
504037,Desert Heights Academy,Phoenix,Arizona,AZ
504021,Catalina Magnet High School,Tucson,Arizona,AZ
504029,Cholla Magnet High School,Tucson,Arizona,AZ
504114,Rincon High School,Tucson,Arizona,AZ
504117,Sahuaro High School,Tucson,Arizona,AZ
504125,Santa Rita High School,Tucson,Arizona,AZ
510021,Jefferson Elementary School,Jeffersonville,Georgia,GA
514092,Washington School,Schiller Park,Illinois,IL
504001,Alice Byrne Elementary,Yuma,Arizona,AZ
504096,Palmcroft Elementary School,Yuma,Arizona,AZ
504094,Otondo Preschool,Yuma,Arizona,AZ
504071,Kofa High School,Yuma,Arizona,AZ
504154,Yuma High School,Yuma,Arizona,AZ
504030,Cibola High School,Yuma,Arizona,AZ
504119,San Luis High School,San Luis,Arizona,AZ
504147,West Sedona School,Sedona,Arizona,AZ
503001,Arkadelphia,Arkadelphia,Arkansas,AR
503009,Goza Middle School,Arkadelphia,Arkansas,AR
518014,Benton High School,Benton,Louisiana,LA
514011,Creekside Middle School,Woodstock,Illinois,IL
510036,Westside High School,Augusta,Georgia,GA
503004,El Dorado High School,El Dorado,Arkansas,AR
511044,Washington Middle School,Honolulu,Hawaii,HI
503006,Forrest City High School,Forrest City,Arkansas,AR
503007,Forrest City Junior High School,Forrest City,Arkansas,AR
521028,Lincoln Academy,Newcastle,Maine,ME
503011,Mena High School,Mena,Arkansas,AR
513014,Garfield Elementary School,Boise,Idaho,ID
541188,Salem High School,Salem,Virginia,VA
503017,Van Buren,Van Buren,Arkansas,AR
501018,Dublin Elementary,Dublin,California,NoCal
501019,Dublin High School,Dublin,California,NoCal
501024,Frederiksen Elementary School,Dublin,California,NoCal
501081,Wells Middle School,Dublin,California,NoCal
502025,Dos Pueblos High School,Goleta,California,SoCal
501001,Acalanes High School,Lafayette,California,NoCal
513039,South Junior High,Boise,Idaho,ID
501057,Nesbit Elementary School,Belmont,California,NoCal
501043,Lipman Middle School,Brisbane,California,NoCal
501035,Hoover Elementary,Redwood City,California,NoCal
501016,Clovis North High School,Fresno,California,NoCal
502026,Fillmore High School,Fillmore,California,SoCal
501004,American High School,Fremont,California,NoCal
501020,E. M. Grimmer Elementary,Fremont,California,NoCal
501036,Hoover High School,Fresno,California,NoCal
501072,Tehipite Middle School,Fresno,California,NoCal
501070,Sunnyside High School,Fresno,California,NoCal
501027,George Washington Elementary,Daly City,California,NoCal
540026,Whittier Elementary,West Valley City,Utah,UT
501073,Terra Nova High School,Pacifica,California,NoCal
501060,Ocean Shores Elementary School,Pacifica,California,NoCal
501041,Liberty High School,Brentwood,California,NoCal
502021,Cabrillo High School,Long Beach,California,SoCal
502004,Albion Street,Los Angeles,California,SoCal
502007,ANNALEE EL,"CARSON, CA",California,SoCal
502008,ANNANDALE EL,LOS ANGELES,California,SoCal
502018,BROCKTON EL,LOS ANGELES,California,SoCal
502019,Burbank EL,NORTH HOLLYWOOD,California,SoCal
526001,Central High,Grand Forks,North Dakota,ND
502009,BANNEKER SP ED CTR,"LOS ANGELES, CA",California,SoCal
502013,BELMONT SH,"LOS ANGELES, CA",California,SoCal
501040,Laurel Elementary School,Atherton,California,NoCal
501085,Ygnacio Valley High School,Concord,California,NoCal
501038,James Logan High School,Union City,California,NoCal
502032,Pacifica High School,Oxnard,California,SoCal
501013,Clifford Elementary,Redwood City,California,NoCal
501032,Henry Ford Elementary,Redwood City,California,NoCal
501031,Heather Elementary,San Carlos,California,NoCal
502028,Mira Mesa High School,San Diego,California,SoCal
501042,Lincoln High School,San Francisco,California,NoCal
501080,Washington High School,San Francisco,California,NoCal
501046,Lowell High School,San Francisco,California,NoCal
501052,Mission High School,San Francisco,California,NoCal
501034,Hillsdale High School,San Mateo,California,NoCal
501061,Pennisula High School,San Bruno,California,NoCal
501045,Los Cerros Middle School,Danville,California,NoCal
501054,Monte Vista High School,Danville,California,NoCal
501056,Neil Armstrong Elementary,San Ramon,California,NoCal
501065,San Ramon Valley High School,Danville,California,NoCal
502033,Pioneer Valley HS,Santa Maria,California,SoCal
502034,Rancho Buena Vista High School,Vista,California,SoCal
502039,West Ranch High School,Stevenson Ranch,California,SoCal
505030,Hanson Elementary,Commerce City,Colorado,CO
505063,Prairie View High School,Henderson,Colorado,CO
505075,Thunder Ridge Middle School,Aurora,Colorado,CO
505007,Cherry Creek High School,Englewood,Colorado,CO
505018,Eastridge Preschool,Aurora,Colorado,CO
505035,Heritage Preschool,Englewood,Colorado,CO
505049,Mission Viejo Elementary School,Aurora,Colorado,CO
505061,Ponderosa Elementary School,Aurora,Colorado,CO
505069,Smoky Hill High School,Aurora,Colorado,CO
512020,West Middle School,Sioux City,Iowa,IA
505056,Overland High School,Aurora,Colorado,CO
505047,Meadow Point Preschool,Aurora,Colorado,CO
505077,Trails West Elementary School,Centennial,Colorado,CO
505072,Sunrise Preschool,Aurora,Colorado,CO
505027,Grandview High School,Aurora,Colorado,CO
505006,Cherokee Trail High School,Aurora,Colorado,CO
505022,Fox Ridge Middle School,Aurora,Colorado,CO
505060,Pine Ridge Elementary School,Aurora,Colorado,CO
505062,Prairie Preschool,Aurora,Colorado,CO
505055,Outback Preschool,Aurora,Colorado,CO
505010,Cottage Preschool,Denver,Colorado,CO
505037,Holly Ridge Elementary-Preschool,Denver,Colorado,CO
505008,Colfax Elementary-Preschool,Denver,Colorado,CO
505028,Grant Middle School,Denver,Colorado,CO
505057,Park Hill Elementary,Denver,Colorado,CO
505070,South High School,Denver,Colorado,CO
505074,Thomas Jefferson High School,Denver,Colorado,CO
505044,Manual High School,Denver,Colorado,CO
505039,Kunsmiller Creative Arts Academy,Denver,Colorado,CO
505045,Math & Science Leadership Academy,Denver,Colorado,CO
513010,Compass Academy,Idaho Falls,Idaho,ID
505016,Douglas County High School,Castle Rock,Colorado,CO
505004,Castle View High School,Castle Rock,Colorado,CO
505048,Mesa Middle School,Castle Rock,Colorado,CO
505043,Legend High School,Parker,Colorado,CO
509003,Ridgeview Elementary School,Orange Park,Florida,FL
513034,Rocky Mountain High School,Meridian,Idaho,ID
505021,Fossil Ridge High School,Fort Collins,Colorado,CO
505029,Greeley West High School,Greeley,Colorado,CO
505031,Heath Middle School,Greeley,Colorado,CO
505032,Heiman Elementary School,Evans,Colorado,CO
509002,Maplewood Elementary School,Coral Springs,Florida,FL
525026,Carmel Middle School,Charlotte,North Carolina,NC
505040,Lakewood High School,Lakewood,Colorado,CO
505005,Chatfield High School,Littleton,Colorado,CO
505009,Conifer High School,Aspen Park,Colorado,CO
511037,Roosevelt High School,Honolulu,Hawaii,HI
505034,Heritage High School,Littleton,Colorado,CO
520037,Frederick High School,Frederick,Maryland,MD
504144,Valley View K-8,Phoenix,Arizona,AZ
505002,Adventure Preschool,Denver,Colorado,CO
505001,Achieve Academy Preschool,Thornton,Colorado,CO
505019,Explore Elementary-Preschool,Thornton,Colorado,CO
505050,Monterey Community Preschool,Thornton,Colorado,CO
505046,Meadow Community Preschool,Denver,Colorado,CO
505051,Montrose High School,Montrose,Colorado,CO
505065,Pueblo County High School,Pueblo,Colorado,CO
505042,Legacy High School,Broomfield,Colorado,CO
505052,Mountain Range High School,Westminster,Colorado,CO
506003,Berlin High School,Berlin,Connecticut,CT
506028,Walsh Intermediate,Branford,Connecticut,CT
514019,Edison School,Stickney,Illinois,IL
506004,Canton Middle School,canton,Connecticut,CT
506001,Bacon Academy,Colchester,Connecticut,CT
506006,Fairfield Warde High School,Fairfield,Connecticut,CT
506007,Fitch High School,Groton,Connecticut,CT
506012,Ledyard Middle School,Ledyard,Connecticut,CT
506011,Illing middle School,Manchester,Connecticut,CT
506014,Middletown High School,Middletown,Connecticut,CT
508021,Middletown High School,Middletown,Delaware,DE
520063,Middletown High School,Middletown,Maryland,MD
506008,Foran High School,Milford,Connecticut,CT
506013,Masuk High school,Monroe,Connecticut,CT
506015,Montville High School,Oakdale,Connecticut,CT
510029,Pulaski Middle School,Hawkinsville,Georgia,GA
506017,New Britain High School,New Britain,Connecticut,CT
506018,New Fairfield High School,New Fairfield,Connecticut,CT
506019,New Milford High School,New Milford,Connecticut,CT
506020,Newtown High School,Sandy Hook,Connecticut,CT
506024,Plainville High school,Plainville,Connecticut,CT
506009,Haddam-Killingworth High School,Higganum,Connecticut,CT
506010,Haddam-Killingworth Middle School,Killingworth,Connecticut,CT
506025,Somers High School,Somers,Connecticut,CT
506026,Southington High School,Southington,Connecticut,CT
506027,Torrington High School,Torrington High School,Connecticut,CT
505038,John F. Kennedy High School,Denver,Colorado,CO
512008,Kennedy High School,Cedar Rapids,Iowa,IA
506031,Wilby High School,Waterbury,Connecticut,CT
506021,North End Middle School,Waterbury,Connecticut,CT
506029,Waterbury Arts Magnet School,Waterbury,Connecticut,CT
506030,Watertown High school,watertown,Connecticut,CT
506032,Windham High School,Windham,Connecticut,CT
508011,Delaware Military Academy,Wilmington,Delaware,DE
508003,Appoquinimink High,Middletown,Delaware,DE
508006,Caesar Rodney High School,Camden,Delaware,DE
508015,Kent County Community School (KCCS),Dover,Delaware,DE
508012,George Read Middle,New Castle,Delaware,DE
508042,William Penn High School,New Castle,Delaware,DE
508036,Sussex Central High School,Georgetown,Delaware,DE
508018,Lulu Ross Elementary,Milford,Delaware,DE
508023,Milford High School,Milford,Delaware,DE
519019,Milford High School,Milford,Massachusetts,MA
508022,Milford Central Academy,Milford,Delaware,DE
508034,Springer Middle,Wilmington,Delaware,DE
508026,P.S. DuPont Middle,Wilmington,Delaware,DE
525135,Mt. Pleasant High School,Mt.Pleasant,North Carolina,NC
508010,Concord  High,Wilmington,Delaware,DE
508020,Meadowood Preschool,Newark,Delaware,DE
508024,Mote Elementary,Wilmington,Delaware,DE
508019,McKean High School,Wilmington,Delaware,DE
508031,Smyrna High School,Smyrna,Delaware,DE
507026,Roosevelt HS,Washington,District of Columbia,DC
507027,Seaton ES,Washington,District of Columbia,DC
507032,Wilson HS,Washington,District of Columbia,DC
507018,Kelly Miller MS,Washington,District of Columbia,DC
507008,Columbia Heights EC,Washington,District of Columbia,DC
510001,Appling County Primary School,Baxley,Georgia,GA
510007,Claxton High School,Claxton,Georgia,GA
510024,Lowndes High School,Valdosta,Georgia,GA
510034,Toombs County High School,Lyons,Georgia,GA
511020,Kauai High School,Lihue,Hawaii,HI
511025,Leilehua High School,Wahiawa,Hawaii,HI
511028,Mililani High School,Mililani,Hawaii,HI
511031,Nanakuli High School,Waianae,Hawaii,HI
511032,Nanakuli Intermediate,Waianae,Hawaii,HI
511013,Kailua Intermediate School,Kailua,Hawaii,HI
511009,Hilo High School,Hilo,Hawaii,HI
511021,Kaumana Elementary School,Hilo,Hawaii,HI
511023,Keaau Middle School,Keaau,Hawaii,HI
511039,Waiakea High School,Hilo,Hawaii,HI
511017,Kapaa High School,Kapaa,Hawaii,HI
511029,Moanalua High School,Honolulu,Hawaii,HI
511036,Radford High School,Honolulu,Hawaii,HI
511002,Aiea High School,Aiea,Hawaii,HI
511010,Jarrett Middle School,Honolulu,Hawaii,HI
511008,Farrington High School,Honolulu,Hawaii,HI
511014,Kaiser High School,Honolulu,Hawaii,HI
511022,Keaau Elementary School,Keaau,Hawaii,HI
513004,Boise High School,Boise,Idaho,ID
513007,Capital High School,Boise,Idaho,ID
513019,Jerome High School,Jerome,Idaho,ID
513027,Parma Middle School,Parma,Idaho,ID
513028,Payette High School,Payette,Idaho,ID
513038,Snake River High School,Blackfoot,Idaho,ID
513042,Twin Falls High School,Twin Falls,Idaho,ID
513006,Canyon Ridge High School,Twin Falls,Idaho,ID
514036,Hope Wall School,Aurora,Illinois,IL
514026,Grand Pre - K,Beardstown,Illinois,IL
514071,Parrish School,Carbondale,Illinois,IL
514012,Crete Monee Early Learning Center,Crete,Illinois,IL
514081,Rupley Elementary School,Elk Grove,Illinois,IL
514002,Addison Trail High School,Addison,Illinois,IL
514022,Fenton High School,Bensenville,Illinois,IL
514033,Homewood Floosmoor High School,Flossmoor,Illinois,IL
514037,Illini Middle School,Jerseyville,Illinois,IL
514043,LaSalle Peru Township High School,LaSalle,Illinois,IL
514090,Tate Woods Elementary School,Lisle,Illinois,IL
514046,Lyons Township High School,Western Springs,Illinois,IL
514014,Dr. Andy Hall Early Childhood Center,Mt. Vernon,Illinois,IL
514056,Mt. Vernon High School,Mt. Vernon,Illinois,IL
514061,Normal Community West,Normal,Illinois,IL
514060,Normal Community High School,Normal,Illinois,IL
514070,Parkside Jr. High School,Normal,Illinois,IL
514006,Brigham Elementary School,Bloomington,Illinois,IL
514007,Capron Elementary School,Poplar Grove,Illinois,IL
514049,Manchester Elementary School,Poplar Grove,Illinois,IL
514074,Poplar Grove Elementary School,Poplar Grove,Illinois,IL
514027,Gwendolyn Brooks Middle School,Oak Park,Illinois,IL
514066,Olympia North,Danvers,Illinois,IL
514031,Hoffman Estates High School,Hoffman Estates,Illinois,IL
514075,Porta High School,Petersburg,Illinois,IL
514076,Porta Jr. High School,Petersburg,Illinois,IL
514073,Pontiac Jr. High School,Pontiac,Illinois,IL
514072,Pontiac High School,Pontiac,Illinois,IL
514016,Dwight D.Eisenhower Elementary School,Prospect Heights,Illinois,IL
514047,MacArthur Middle School,Prospect Heights,Illinois,IL
514079,Riverside Brookfield High School,Riverside,Illinois,IL
514013,Dennis Early Childhood,Rockford,Illinois,IL
514021,Fairview Early Childhood Center,Rockford,Illinois,IL
514089,Summerdale Early Learning Center,Rockford,Illinois,IL
514003,Adolph Link Elementary School,Elk Grove Village,Illinois,IL
514059,Nerge Elementary,Roselle,Illinois,IL
514034,Hoover Math and Science Academy,Schaumburg,Illinois,IL
514057,Nathan Hale Elementary School,Schaumburg,Illinois,IL
514080,Robert Frost Jr. High,Schaumburg,Illinois,IL
514053,Mead Jr. High School,Elk Grove,Illinois,IL
514083,Silver Creek Elementary School,Troy,Illinois,IL
514058,Nequa Valley High School,Naperville,Illinois,IL
514055,Metea Valley High School,Aurora,Illinois,IL
514077,Prariewood Elementary School,Woodstock,Illinois,IL
515005,Carmel High School,Carmel,Indiana,IN
515008,Culver Family Learning Center,Evansville,Indiana,IN
521036,Oak Hill High School,Sabattus,Maine,ME
515002,Boone Grove High School,Valparaiso,Indiana,IN
515041,South Putnam High School,Greencastle,Indiana,IN
515012,Fishers High School,Fishers,Indiana,IN
510035,Union County High School,Blairsville,Georgia,GA
512012,Okoboji High School,Milford,Iowa,IA
512007,Jefferson High School,Cedar Rapids,Iowa,IA
512014,Spencer High School,Spencer,Iowa,IA
516008,Robert E Clark Middle School,Bonner Springs,Kansas,KS
516004,Bonner Springs High School,Kansas City,Kansas,KS
516005,F.L. Schlagle High School,Kansas City,Kansas,KS
517006,Eastern High School,Louisville,Kentucky,KY
522006,Eastern High School,Lansing,Michigan,MI
517007,Fern Creek High School,Louisville,Kentucky,KY
517018,Waggener High School,Louisville,Kentucky,KY
517005,Doss High School,Louisville,Kentucky,KY
517012,Murray High School,Murray,Kentucky,KY
518091,Sulphur High School,Sulphur,Louisiana,LA
518089,Stanley High School,Logansport,Louisiana,LA
518100,Westgate High School,New Iberia,Louisiana,LA
518064,New Iberia Senior High,New Iberia,Louisiana,LA
518093,T.H. Harris Middle School,Metairie,Louisiana,LA
518026,Chalmette High School,Chalmette,Louisiana,LA
518077,Ponchatoula Jr. High School,Ponchatoula,Louisiana,LA
521014,Edward Little High School,Auburn,Maine,ME
521001,Auburn Middle School,Auburn,Maine,ME
521008,Brewer High School,Brewer,Maine,ME
521011,Cape Elizabeth High School,Cape Elizabeth,Maine,ME
521012,Cape Elizabeth Middle School,Cape Elizabeth,Maine,ME
521040,Pond Cove School,Cape Elizabeth,Maine,ME
521026,Lewiston High School,Lewiston,Maine,ME
521027,Lewiston Middle School,Lewiston,Maine,ME
521029,Lisbon High School,Lisbon Falls,Maine,ME
521042,Sanford High School,Sanford,Maine,ME
521034,Medomak Valley High School,Waldoboro,Maine,ME
521005,Bonny Eagle High School,Standish,Maine,ME
521006,Bonny Eagle Middle School,Buxton,Maine,ME
521016,Frank H Harrison Middle School,Yarmouth,Maine,ME
521045,Tripp Middle School,Turner,Maine,ME
521025,Leavitt Area High School,Turner,Maine,ME
521021,Greely High School,Cumberland Center,Maine,ME
521039,Poland Regional High School,Poland,Maine,ME
521009,Bruce Whittier Middle School,Poland,Maine,ME
521037,Oceanside High School,Rockland,Maine,ME
521010,Bucksport High School,Bucksport,Maine,ME
521041,Reeds Brook Middle School,Hampden,Maine,ME
521018,George B Weatherbee School,Hampden,Maine,ME
521023,Hampden Academy,Hampden,Maine,ME
520077,Old Mill,Millersville,Maryland,MD
520067,North Caroline High School,Ridgely,Maryland,MD
520051,Leonardtown,Leonardtown,Maryland,MD
520070,North Hagerstown,Hagerstown,Maryland,MD
519005,David Prouty High School,Spencer,Massachusetts,MA
519023,Oakmont Regional High School,Ashburnham,Massachusetts,MA
519006,Fitchburg High School,Fitchburg,Massachusetts,MA
519007,Foxborough High School,Foxborough,Massachusetts,MA
519008,Grafton High School,Grafton,Massachusetts,MA
519009,Greenfield High School,Greenfield,Massachusetts,MA
519020,Minnechaug Regional High School,Wilbraham,Massachusetts,MA
519011,Hingham High School,Hingham,Massachusetts,MA
519012,Hudson High School,Hudson,Massachusetts,MA
519014,Lunenburg High School,Lunenburg,Massachusetts,MA
519022,North Middlesex Regional High School,Townsend,Massachusetts,MA
519001,Algonquin Regional High School,Northborough,Massachusetts,MA
519028,Westborough High School,Westborough,Massachusetts,MA
519029,Whitman-Hanson Regional H.S.,Whitman,Massachusetts,MA
522014,Huron High School,Ann Arbor,Michigan,MI
522002,Bay City Central High,Bay City,Michigan,MI
522016,Mason Middle School,Mason,Michigan,MI
522022,Saline Middle School,Saline,Michigan,MI
522021,Saline High School,Saline,Michigan,MI
522019,Pleasant Ridge,Saline,Michigan,MI
523005,Belton High School,Belton,Missouri,MO
523022,Fort Zumwalt East H.S.,St. Peters,Missouri,MO
523026,Hermann High School,Hermann,Missouri,MO
523061,Skyline Middle School,Urbana,Missouri,MO
523027,Holden High School,Holden,Missouri,MO
523075,Wm. Chrisman High School,Independence,Missouri,MO
523030,Kirksville High School,Kirksville,Missouri,MO
523033,Laquey High School,Laquey,Missouri,MO
523040,Maryville High School,Maryville,Missouri,MO
523045,Odessa High School,Odessa,Missouri,MO
523050,Pleasant Hill High School,Pleasant Hill,Missouri,MO
523054,Republic,Verona,Missouri,MO
523066,Truman Middle School,St. Joseph,Missouri,MO
523059,Savannah M.S.,Savannah,Missouri,MO
523058,Savannah High School,Savannah,Missouri,MO
523062,St. Charles West H.S.,St. Charles,Missouri,MO
523063,St. Clair H.S.,St. Clair,Missouri,MO
523070,Waynesville High School,Waynesville,Missouri,MO
523071,Waynesville Middle School,Waynesville,Missouri,MO
524002,Glacier High School,Kalispell,Montana,MT
524001,Big Sky High School,Missoula,Montana,MT
527063,West Point Elementary,West Point,Nebraska,NE
527046,Norris High School,Firth,Nebraska,NE
527060,Two Springs Elementary,Bellevue,Nebraska,NE
527056,Riley Elementary,Lincoln,Nebraska,NE
527025,Humann,Lincoln,Nebraska,NE
527012,Bryan,Omaha,Nebraska,NE
527054,Plattsmouth,Plattsmouth,Nebraska,NE
527057,Scottsbluff/ESU 13,Scottsbluff,Nebraska,NE
531052,Woodbury Middle School,Las Vegas,Nevada,NV
531026,Harley Harmon ES,Las Vegas,Nevada,NV
531036,Mountain View ES,Las Vegas,Nevada,NV
531030,Kim ES,Las Vegas,Nevada,NV
531023,Greenspun Middle School,Henderson,Nevada,NV
531008,Cimarron High School,Las Vegas,Nevada,NV
531022,Green Valley High School,Henderson,Nevada,NV
531013,Desert Pines High School,Las Vegas,Nevada,NV
531035,Moore ES,Las Vegas,Nevada,NV
531025,Hal Smith ES,Las Vegas,Nevada,NV
531040,Rogers ES,Las Vegas,Nevada,NV
531042,Shadow Ridge High School,Las Vegas,Nevada,NV
531032,Liberty High School,Henderson,Nevada,NV
531027,Jay Jeffers Elementary School,Las Vegas,Nevada,NV
531001,Arbor View High School,Las Vegas,Nevada,NV
531017,Faiss Middle School,Las Vegas,Nevada,NV
531050,West Career & Technical Academy,Las Vegas,Nevada,NV
528009,Exeter High School,Exeter,New Hampshire,NH
528036,Nute High School,Milton,New Hampshire,NH
528002,Bedford High School,Bedford,New Hampshire,NH
528003,Berlin High School,Berlin,New Hampshire,NH
528051,Stevens High School,Claremont,New Hampshire,NH
528006,Concord High School,Concord,New Hampshire,NH
528007,Dover High School,Dover,New Hampshire,NH
528013,Hanover High School,Hanover,New Hampshire,NH
541090,Hanover High School,Mechanicsville,Virginia,VA
528008,Epping High School,Epping,New Hampshire,NH
528010,Franklin High School,Franklin,New Hampshire,NH
528011,Gilford High School,Gilford,New Hampshire,NH
528032,Mountain View Middle School,Goffstown,New Hampshire,NH
528017,Hopkinton High School,Contoocook,New Hampshire,NH
528001,Alvirne High School,Hudson,New Hampshire,NH
528018,Inter-Lakes High School,Meredith,New Hampshire,NH
528022,Laconia High School,Laconia,New Hampshire,NH
528005,Campbell High School,Litchfield,New Hampshire,NH
528024,Londonderry High School,Londonderry,New Hampshire,NH
528025,Manchester Central High School,Manchester,New Hampshire,NH
528027,Manchester West High School,Manchester,New Hampshire,NH
528014,Henry J. McLaughlin,Manchester,New Hampshire,NH
528029,Merrimack Valley High School,Penacook,New Hampshire,NH
528030,Milford High School,Milford,New Hampshire,NH
528031,Moultonborough Academy,Moultonborough,New Hampshire,NH
528034,Nashua High School South,Nashua,New Hampshire,NH
528033,Nashua High School North,Nashua,New Hampshire,NH
528037,Oyster River High School,Durham,New Hampshire,NH
528038,Pembroke Academy,Pembroke,New Hampshire,NH
528042,Portsmouth High School,Portsmouth,New Hampshire,NH
528044,Profile School,Bethlehem,New Hampshire,NH
528050,Spaulding High School,Rochester,New Hampshire,NH
528046,Salem High School,Salem,New Hampshire,NH
528048,Somersworth High School,Somersworth,New Hampshire,NH
528049,Soughegan High School,Amherst,New Hampshire,NH
528052,White Mountain Regional High School,Whitefield,New Hampshire,NH
528055,Winnisquam Regional High School,Tilton,New Hampshire,NH
528040,Pinkerton Academy,Derry,New Hampshire,NH
528041,Plymouth Regional High School,Plymouth,New Hampshire,NH
529002,Central Regional HS,Bayville,New Jersey,NJ
529006,Ewing High School,Ewing,New Jersey,NJ
529008,Fisher Middle School,Ewing,New Jersey,NJ
519016,Marlboro High School,Marlboro,Massachusetts,MA
529015,LIBERTY HS,Jersey City,New Jersey,NJ
529019,MCNAIR HS,Jersey City,New Jersey,NJ
529018,Madison High School,Madison,New Jersey,NJ
529020,Montgomery High School,Montgomery,New Jersey,NJ
529021,New Brunswick HS,New Brunswick,New Jersey,NJ
529022,New Milford High School,New Milford,New Jersey,NJ
529004,DAVID E. OWENS MIDDLE SCHOOL,New MIlford,New Jersey,NJ
529025,Raritan High School,Hazlet,New Jersey,NJ
529029,Sayreville High School,Parlin,New Jersey,NJ
529032,Washington Park School,Totowa,New Jersey,NJ
529003,Community Middle School,Plainsboro,New Jersey,NJ
530006,Cleveland HS,Rio Rancho,New Mexico,NM
530007,Cochiti Elementary,Albuquerque,New Mexico,NM
530008,Dennis Chavez ES,Albuquerque,New Mexico,NM
530003,Bloomfield HS,Bloomfield,New Mexico,NM
530016,Mesa Alta JH,Bloomfield,New Mexico,NM
530012,Heights Middle School,Farmington,New Mexico,NM
530020,Piedra Vista HS,Farmington,New Mexico,NM
530015,Mayfield HS,Las Cruces,New Mexico,NM
530011,Goddard HS,Roswell,New Mexico,NM
532022,Mohonasen HS,Schenectady,New York,NY
532036,P.S. 189,New York,New York,NY
532005,Brooklyn Tech High School,Brooklyn,New York,NY
532015,Grover Cleveland High School,New York,New York,NY
532039,P.S. 88,Ridgewood,New York,NY
532033,P.S. 128,Middle Village,New York,NY
532018,I.S. 5/ Walter H. Crowley Intermediate School,Queens,New York,NY
532040,P.S./I.S. 295,Brooklyn,New York,NY
532017,I.S. 24 - Myra Barnes,Staten Island,New York,NY
532037,P.S. 32,Staten Island,New York,NY
532079,Tottenville High School,Staten Island,New York,NY
532081,Williamsburg Charter High School,Brooklyn,New York,NY
532035,P.S. 178,Brooklyn,New York,NY
532030,P 373 R,Staten Island,New York,NY
532056,RCOTC / P721K,Brooklyn,New York,NY
532028,P 176 @ 178 X,Bronx,New York,NY
532061,Sheepshead Bay High School,Brooklyn05012013,New York,NY
532020,Lincoln High School,Brooklyn,New York,NY
532019,John Dewey High School,Brooklyn,New York,NY
532004,Brooklyn School for Career Development,Brooklyn,New York,NY
532001,Ballston Spa HS,Ballston Spa,New York,NY
532002,Bethlehem High School,Delmar,New York,NY
532003,Brewster HS,Brewster,New York,NY
532006,Burnt Hills-Ballston Lake High School,Burnt Hills,New York,NY
532010,Commack High School,Commack,New York,NY
532009,Columbia HS,East Greenbush,New York,NY
532066,Southside High School (FBLA),Elmira,New York,NY
532014,Glens Falls HS,Glens Falls,New York,NY
532021,Mechanicville HS,Mechanicville,New York,NY
532027,Olean High School,Olean,New York,NY
532054,Queensbury HS,Queensbury,New York,NY
532060,Sayville High School,West Sayville,New York,NY
532064,South Colonie HS,Albany,New York,NY
532063,Sleepy Hollow High School,Sleepy Hollow,New York,NY
525123,Lincoln Charter School,Denver,North Carolina,NC
525023,Camden County High School,Camden,North Carolina,NC
525012,Beaufort Elementary School,Beaufort,North Carolina,NC
525013,Beaufort Middle School,Beaufort,North Carolina,NC
529028,Robbinsville High School,Robbinsville,New Jersey,NJ
525051,Early/Middle College at GTCC - Jamestown,Jamestown,North Carolina,NC
525202,West Stokes High School,King,North Carolina,NC
535004,Century High School,Hillsboro,Oregon,OR
526002,Devils Lake,Devils Lake,North Dakota,ND
526003,Red River High School,Grand Forks,North Dakota,ND
533001,Ben Franklin,Cleveland,Ohio,OH
533002,Daniel E. Morgan,Cleveland,Ohio,OH
533005,Luis Munoz Marin Middle School,Cleveland,Ohio,OH
533006,Mary Bethune,Cleveland,Ohio,OH
533007,Max Hayes High School,Cleveland,Ohio,OH
533008,Orchard,Cleveland,Ohio,OH
533010,Robert H. Jamison,Cleveland,Ohio,OH
533013,Tremont,Cleveland,Ohio,OH
533011,Rocky River Middle School,Rocky River,Ohio,OH
533012,St. Bernard-Elmwood Place High,Cincinnati,Ohio,OH
533003,Harrison High School,Harrison,Ohio,OH
534005,Country Lane Primary,Broken Arrow,Oklahoma,OK
534016,Oneta MS,Broken Arrow,Oklahoma,OK
534015,Oak Crest El,Broken Arrow,Oklahoma,OK
534002,Catoosa HS,Catoosa,Oklahoma,OK
534007,Harrah HS,Harrah,Oklahoma,OK
534009,Harrah MS,Harrah,Oklahoma,OK
534014,MacArthur MS,Lawton,Oklahoma,OK
534004,Central MS,Lawton,Oklahoma,OK
539029,Central MS,Weslaco,Texas,TX
534019,Tomlinson MS,Lawton,Oklahoma,OK
534001,Ben Franklin Sci Aca,Muskogee,Oklahoma,OK
534021,Wagoner Middle School,Wagoner,Oklahoma,OK
534006,Ellington El School,Wagoner,Oklahoma,OK
534022,William Teague El,Wagoner,Oklahoma,OK
534023,Yukon HS,Yukon,Oklahoma,OK
534024,Yukon MS,Yukon,Oklahoma,OK
534017,Skyview El,Yukon,Oklahoma,OK
535019,Stayton High School,Stayton,Oregon,OR
535009,Hillsboro High School,Hillsboro,Oregon,OR
535012,Liberty High School,Hillsboro,Oregon,OR
535021,Westview High School,Portland,Oregon,OR
535002,Bend High School,Bend,Oregon,OR
535017,Rainier Sr/Jr High School,Rainier,Oregon,OR
535006,Forest Grove High School,Forest Grove,Oregon,OR
541100,Hidden Valley High School,Roanoke,Virginia,VA
535013,McMinville High School,McMinnville,Oregon,OR
535015,Parkrose High School,Portland,Oregon,OR
535016,Philomath High School,Philomath,Oregon,OR
535018,Roseburg High School,Roseburg,Oregon,OR
535020,Sutherlin High School,Sutherlin,Oregon,OR
535001,Athey Creek Middle School,West Linn,Oregon,OR
535023,Wilsonville High School,Wilsonville,Oregon,OR
535005,Douglas High School,Winston,Oregon,OR
535007,French Prarie Middle School,Woodburn,Oregon,OR
535024,Woodburn High School,Woodburn,Oregon,OR
536003,Boys Latin,Philadelphia,Pennsylvania,PA
536001,Bangor,Bangor,Pennsylvania,PA
536004,Broughal,Bethlehem,Pennsylvania,PA
536023,Liberty,Bethlehem,Pennsylvania,PA
536012,Freedom,Bethlehem,Pennsylvania,PA
538026,Chester High School,Chester,South Carolina,SC
536008,East Stroudsburg (South),East Stoudsburg,Pennsylvania,PA
536014,Gompers,Philadelphia,Pennsylvania,PA
536018,Harding,Philadelphia,Pennsylvania,PA
536009,Edison,Philadelphia,Pennsylvania,PA
536010,Frankford,Philadelphia,Pennsylvania,PA
536031,Northeast,Philadelphia,Pennsylvania,PA
536043,Tilden,Philadelphia,Pennsylvania,PA
538020,Boiling Springs High School,Boiling Springs,South Carolina,SC
537001,Barrington High School,Barrington,Rhode Island,RI
537002,Barrington Middle School,Barrington,Rhode Island,RI
537020,Mt.Hope High School,Bristol,Rhode Island,RI
537004,Burrillville High School,Harrisville,Rhode Island,RI
537005,Central Falls  High School,Central Falls,Rhode Island,RI
537006,Chariho High School,Hopkinton,Rhode Island,RI
537008,Coventry High School,Coventry,Rhode Island,RI
537010,Cranston West High School,Cranston,Rhode Island,RI
537025,Park View Middle School,Cranston,Rhode Island,RI
537011,Cumberland High School,Cumberland,Rhode Island,RI
537013,East Greenwich High School,East Greenwich,Rhode Island,RI
537007,Cole Middle School,East Greenwich,Rhode Island,RI
538100,Riverside Middle School,Greer,South Carolina,SC
537014,Exeter/West Greenwich High School,West Greenwich,Rhode Island,RI
537027,Ponaganset Middle School,North Scituate,Rhode Island,RI
537018,Middletown High School,Middletown,Rhode Island,RI
537032,Rogers High School,Newport,Rhode Island,RI
537012,Davisville Middle School,North Kingstown,Rhode Island,RI
537031,Ricci Middle School,North Providence,Rhode Island,RI
537022,North Providence High School,North Providence,Rhode Island,RI
537023,North Smithfield High School,North Scituate,Rhode Island,RI
537038,Tolman High School,Pawtucket,Rhode Island,RI
537029,Portsmouth High School,Portsmouth,Rhode Island,RI
537030,Portsmouth Middle School,Portsmouth,Rhode Island,RI
537016,Hope High School,Providence,Rhode Island,RI
537019,Mt. Pleasant High School,Providence,Rhode Island,RI
537033,Smithfield High School,Smithfield,Rhode Island,RI
537015,Gallagher Middle School,Smithfield,Rhode Island,RI
537034,South Kingstown High School,Wakefield,Rhode Island,RI
537035,Tiverton High School,Tiverton,Rhode Island,RI
537026,Pilgrim High School,Warwick,Rhode Island,RI
537037,Toll Gate High School,Warwick,Rhode Island,RI
537040,Westerly High School,Westerly,Rhode Island,RI
537041,Woonsocket High School,Woonsocket,Rhode Island,RI
538001,Aiken High School,Aiken,South Carolina,SC
538092,Paul Knox Middle School,North Augusta,South Carolina,SC
538083,North Augusta High School,North Augusta,South Carolina,SC
538118,Wagener-Salley High School,Wagener,South Carolina,SC
538002,Aiken Middle School,Aiken,South Carolina,SC
538060,LBC Middle School,Warrneville,South Carolina,SC
538055,Kennedy Middle School,Aiken,South Carolina,SC
538075,Midland Valley High School,Graniteville,South Carolina,SC
538110,South Aiken High School,Aiken,South Carolina,SC
538108,Silver Bluff High School,Aiken,South Carolina,SC
538033,Crescent High School,Iva,South Carolina,SC
538007,Beaufort Elementary School,Beaufort,South Carolina,SC
538070,MC Riley Elementary School,Bluffton,South Carolina,SC
538006,Battery Creek High School,Beaufort,South Carolina,SC
538016,Bluffton Elementary Early Childhood,Bluffton,South Carolina,SC
538045,H.E. McCracken Middle School,Bluffton,South Carolina,SC
538125,Whale Branch Middle,Seabrook,South Carolina,SC
538046,Hilton Head Early Childhood Center,Hilton Head Island,South Carolina,SC
538017,Bluffton High School,Bluffton,South Carolina,SC
538047,Hilton Head High School,Hilton Head Island,South Carolina,SC
538048,Hilton Head Middle School,Hilton Head Island,South Carolina,SC
538013,Berkeley High School,Moncks Corner,South Carolina,SC
538122,Westview Primary School,Goose Creek,South Carolina,SC
538023,Calhoun County High School,St. Matthews,South Carolina,SC
538067,Mary Ford Elementary,North Charleston,South Carolina,SC
538058,Lambs Elementary School,North Charleston,South Carolina,SC
538084,North Charleston Elementary,North Charleston,South Carolina,SC
538066,Malcolm C. Hursey Elementary School,North Charleston,South Carolina,SC
538085,North Charleston High School,North Charleston,South Carolina,SC
538120,West Ashley High School,Charleston,South Carolina,SC
538041,Granard Middle School,Gaffney,South Carolina,SC
538035,East Clarendon Middle High School,Turbeville,South Carolina,SC
538032,Colleton County High School,Walterboro,South Carolina,SC
538073,Merriwether Middle School,North Augusta,South Carolina,SC
538115,Strom Thurmond HS,Johnston,South Carolina,SC
538112,Southside Middle School,Florence,South Carolina,SC
538053,Johnsonville Elementary School,Johnsonville,South Carolina,SC
538069,Mauldin Middle School,Mauldin,South Carolina,SC
538010,Berea Elementary School,Greenville,South Carolina,SC
538077,Mitchell Road Elementary School,Greenville,South Carolina,SC
538011,Berea High School,Greenville,South Carolina,SC
538036,Eastside High School,Taylors,South Carolina,SC
538068,Mauldin High School,Mauldin,South Carolina,SC
538129,Woodmont High School,Piedmont,South Carolina,SC
538012,Berea Middle School,Greenville,South Carolina,SC
538086,North Myrtle Beach Middle School,Little River,South Carolina,SC
538109,Socastee High School,Myrtle Beach,South Carolina,SC
538027,Clinton Elementary School,Lancaster,South Carolina,SC
538106,Saxe Gotha Elementary School,Lexington,South Carolina,SC
538127,White Knoll Middle School,West Columbia,South Carolina,SC
538076,Midway Elementary,Lexington,South Carolina,SC
538057,Lake Murray Elementary School,Lexington,South Carolina,SC
538126,White Knoll High School,Lexington,South Carolina,SC
538062,Lexington Elementary School,Lexington,South Carolina,SC
538089,Oak Grove Elementary School,Lexington,South Carolina,SC
538093,Pleasant Hill Middle School,Lexington,South Carolina,SC
538096,Red Bank Elementary School,Lexington,South Carolina,SC
538024,Carolina Springs Middle School,Lexington,South Carolina,SC
538079,New Providence Elementary,Lexington,South Carolina,SC
538102,Rocky Creek Elementary,Lexington,South Carolina,SC
538072,Meadow Glen Middle School,Lexington,South Carolina,SC
538099,River Bluff High School,Lexington,South Carolina,SC
538003,Airport High School,West Columbia,South Carolina,SC
538087,Northside Middle School,West Columbia,South Carolina,SC
538103,Sandhills Elementary School,Swansea,South Carolina,SC
538105,Sandhills Primary School,Swansea,South Carolina,SC
538039,Frances Mack Intermediate,Gaston,South Carolina,SC
538104,Sandhills Middle School,Gaston,South Carolina,SC
538117,Swansea High School,Swansea,South Carolina,SC
538061,Lexington 4 Early Childhood Center,Swansea,South Carolina,SC
538034,Dutch Fork High School,Irmo,South Carolina,SC
538025,Chapin Elementary School,Chapin,South Carolina,SC
538049,Irmo Elementary,Irmo,South Carolina,SC
538004,Ballentine Elementary,Irmo,South Carolina,SC
538090,Oak Pointe Elementary,Irmo,South Carolina,SC
538088,Nursery Road Elementary School,Columbia,South Carolina,SC
538044,H.E. Corley Elementary,Irmo,South Carolina,SC
538071,McCormick High School,McCormick,South Carolina,SC
538022,Boundary Street Elementary,Newberry,South Carolina,SC
538074,Mid-Carolina High School,Prosperity,South Carolina,SC
538082,Newberry Middle School,Newberry,South Carolina,SC
538095,Prosperity Rikard Elementary School,Prosperity,South Carolina,SC
538051,James Brown Elementary School,Walhalla,South Carolina,SC
538107,Seneca High School,Seneca,South Carolina,SC
538037,Edisto Primary School,Cordova,South Carolina,SC
538091,Orangeburg Wilkinson High School,Orangeburg,South Carolina,SC
538064,Liberty High School,Liberty,South Carolina,SC
538114,St. Andrews Middle School,Charleston,South Carolina,SC
538098,Ridgeview HS,Columbia,South Carolina,SC
538019,Blythewood Middle School,Blythewood,South Carolina,SC
538021,Bookman Road Elementary School,Elgin,South Carolina,SC
538018,Blythewood High School,Blythewood,South Carolina,SC
538054,Joseph Keels Elementary School,Columbia,South Carolina,SC
538065,Lonnie B. Nelson,Columbia,South Carolina,SC
538038,EL Wright Middle School,Columbia,South Carolina,SC
538113,Spring Valley High School,Columbia,South Carolina,SC
538097,Richland NorthEast High School,Columbia,South Carolina,SC
538123,Westwood High School,Blythewood,South Carolina,SC
538043,Griggs Road Elementary School,Clover,South Carolina,SC
538031,Clover Middle School,Clover,South Carolina,SC
538030,Clover High School,Clover,South Carolina,SC
538059,Larne Elementary School,Clover,South Carolina,SC
538078,Nation Ford High School,Fort Mill,South Carolina,SC
538005,Bates Middle School,Sumter,South Carolina,SC
538116,Sumter High School,Sumter,South Carolina,SC
536024,Lincoln,Philadelphia,Pennsylvania,PA
539116,Winfree Academy Charter Irving,Irving,Texas,TX
539001,Abilene HS,Abilene,Texas,TX
539037,Cooper High School,Abilene,Texas,TX
539067,Mann MS,Abilene,Texas,TX
539033,Clack MS,Abilene,Texas,TX
539038,Craig MS,Abilene,Texas,TX
539002,Alamo Heights HS,San Antonio,Texas,TX
539007,Bivins Elem,Amarillo,Texas,TX
539039,Crockett Middle School,Amarillo,Texas,TX
539050,Horace Mann MS,Amarillo,Texas,TX
539090,Ridgecrest Elem,Amarillo,Texas,TX
539028,Cedar Creek MS,Cedar Creek,Texas,TX
539014,Bridge City HS,Bridge City,Texas,TX
539016,Bridge City MS,Bridge City,Texas,TX
539021,Burkburnett MS,Burkburnett,Texas,TX
539023,Calallen HS,Corpus Christi,Texas,TX
539024,Calallen MS,Corpus Christi,Texas,TX
539030,Chapel Hill MS,Tyler,Texas,TX
539032,China Spring MS,China Spring,Texas,TX
539036,Clint HS,Clint,Texas,TX
539071,Memorial HS,San Antonio,Texas,TX
539019,Burges HS,El Paso,Texas,TX
539042,Franklin HS,El Paso,Texas,TX
539092,Riverside MS,Fort Worth,Texas,TX
539052,Jackson MS,Grand Prairie,Texas,TX
539107,Truman Middle School,Grand Prairie,Texas,TX
539049,Highland Park HS,Dallas,Texas,TX
514029,Highland Park High School,Highland Park,Illinois,IL
539083,Pershing MS,Houston,Texas,TX
539104,Timberwood Middle School,Humble,Texas,TX
539048,Henry Metzger MS,San Antonio,Texas,TX
539058,Kirbyville HS,Kirbyville,Texas,TX
539062,Lomax Jr High,La Porte,Texas,TX
539022,C.C. Mason Elem,Cedar Park,Texas,TX
539084,Pleasant Hill Elementary,Leander,Texas,TX
539061,Little Cypress-Mauriceville HS,Orange,Texas,TX
539065,Los Fresnos High,Los Fresnos,Texas,TX
539068,Manor MS,Manor,Texas,TX
539077,Nikki Rowe High School,McAllen,Texas,TX
539110,Veterans Memorial High School,Mission,Texas,TX
539075,Moran ISD,Moran,Texas,TX
539076,Newton HS,Newton,Texas,TX
539102,Tejeda MS,San Antonio,Texas,TX
539056,Johnson High,San Antonio,Texas,TX
539026,Carlos Coon Elem,San Antonio,Texas,TX
539053,John Glenn Elem,San Antonio,Texas,TX
539054,John Jay HS,San Antonio,Texas,TX
539055,John Marshall HS,San Antonio,Texas,TX
539078,Oak Hills Terrace Elementary,San Antonio,Texas,TX
539118,Zachry Middle School,San Antonio,Texas,TX
539088,Rhodes Elem,San Antonio,Texas,TX
539046,Hatchett Elem,San Antonio,Texas,TX
539079,Orangefield HS,Orange,Texas,TX
539080,Park View Intermediate,Pasadena,Texas,TX
539086,Red Bluff Elem,Pasadena,Texas,TX
539027,Carter Lomax MS,Pasadena,Texas,TX
539009,Bobby Shaw MS,Pasadena,Texas,TX
539085,Progreso HS,Progreso,Texas,TX
539087,Reynolds MS,Prosper,Texas,TX
539064,Lorenzo Loya Primary,San Elizario,Texas,TX
539095,Sambrano Elem,San Elizario,Texas,TX
539059,Laura Ingalls Wilder Intermediate,Schertz,Texas,TX
539051,J. Frank Dobie Jr High,Cibolo,Texas,TX
539112,Watts Elem,Cibolo,Texas,TX
539017,Briesemeister MS,Seguin,Texas,TX
539098,Sharyland HS,Mission,Texas,TX
539004,B.L. Gray Jr High,Mission,Texas,TX
539099,Sharyland North Jr High,McAllen,Texas,TX
539025,Captain Walter E. Clarke MS,El Paso,Texas,TX
539074,Montwood HS,El Paso,Texas,TX
539100,Spring HS,Spring,Texas,TX
539113,Westfield HS,Houston,Texas,TX
539041,Dueitt MS,Spring,Texas,TX
539034,Claughton MS,Houston,Texas,TX
539101,Taft Jr High,Taft,Texas,TX
539008,Blocker MS,Texas City,Texas,TX
539103,Texas City HS,Texas City,Texas,TX
539108,Tuloso-Midway MS,Corpus Christi,Texas,TX
539043,George Washington MS,Laredo,Texas,TX
539003,Antonio Gonzalez MS,Laredo,Texas,TX
539111,Vidor High School,Vidor,Texas,TX
539109,University High School,Waco,Texas,TX
539069,Mario Ybarra Elem,Weslaco,Texas,TX
539040,Cunningham Elem,Wichita Falls,Texas,TX
539089,Rider HS,Wichita Falls,Texas,TX
539072,Mesa Vista Elementary,El Paso,Texas,TX
540013,Lehi High School,Lehi,Utah,UT
540018,Timpanogos High School,Orem,Utah,UT
540004,Brighton High School,Cottonwood Heights,Utah,UT
540014,Lone Peak Elementary,Sandy,Utah,UT
540020,Union High,Roosevelt,Utah,UT
540008,Herriman High School,Herriman,Utah,UT
540002,Ben Lomand,Ogden,Utah,UT
540016,Provo Peaks Elementary,Provo,Utah,UT
540007,Grantsville High School,Grantsville,Utah,UT
540019,Uintah High School,Vernal,Utah,UT
542027,Spaulding High School,Barre,Vermont,VT
542022,Rivendell Academy,Orford,New Hampshire,NH
542005,Browns River Middle School,Jericho,Vermont,VT
542008,Champlain Valley Union High School,Hinesburg,Vermont,VT
542031,Williston Central School,Williston,Vermont,VT
542025,Shelburne Community School,Shelburne,Vermont,VT
542004,BFA St. Albans,St. Albans,Vermont,VT
542021,Northfield Elementary,Northfield,Vermont,VT
542019,Montpelier High School,Montpelier,Vermont,VT
542001,Barre City ES / MS,Barre,Vermont,VT
542007,Champlain Elementary School,Burlington,Vermont,VT
542011,Edmunds Middle School,Burlington,Vermont,VT
542003,BFA Fairfax Elementary,Fairfax,Vermont,VT
542024,Rutland Intermediate,Rutland,Vermont,VT
542023,Rutland High School,Rutland,Vermont,VT
542026,South Burlington,South Burlington,Vermont,VT
542028,U-32 Middle and High School,Montpelier,Vermont,VT
542030,West Rutland High School,West Rutland,Vermont,VT
541129,Liberty High School,Bedford,Virginia,VA
541204,Staunton River High School,Moneta,Virginia,VA
541067,Forest Middle School,Forest,Virginia,VA
541087,Greenfield Elementary,Richmond,Virginia,VA
541088,Greenfield Elementary,Troutville,Virginia,VA
541017,Bellwood Elementary,Richmond,Virginia,VA
541018,Bensley Elementary,Richmond,Virginia,VA
541020,Beulah,Richmond,Virginia,VA
541021,Bon Air Elementary,Bon Air,Virginia,VA
541051,Curtis,Chester,Virginia,VA
541059,Enon Elementary,Chester,Virginia,VA
541064,Falling Creek Elementary,Richmond,Virginia,VA
541085,Grange Hall Elementary,Moseley,Virginia,VA
541105,Hopkins Elementary,Richmond,Virginia,VA
541226,Watkins Elementary,Midlothian,Virginia,VA
541181,Robious Elementary,Midlothian,Virginia,VA
541003,Alberta Smith,Midlothian,Virginia,VA
541112,James River High School,Midlothian,Virginia,VA
541139,Marguerite Christian,Colonial Heights,Virginia,VA
541202,Spring Run Elementary,Midlothian,Virginia,VA
541073,Gates Elementary,Chesterfield,Virginia,VA
541041,Clover Hill Elementary,Midlothian,Virginia,VA
541061,Evergreen Elementary,Midlothian,Virginia,VA
541109,Jacobs Road Elementary,Chesterfield,Virginia,VA
541056,Ecoff,Chester,Virginia,VA
541235,Winterpock Elementary,Chesterfield,Virginia,VA
542012,Essex High School,Essex Junction,Vermont,VT
541069,Franklin County High School,Rocky Mount,Virginia,VA
541128,Lee M. Waid Elementary,"Rocky Mount,",Virginia,VA
541013,Battlefield Park,Mechanicville,Virginia,VA
541058,Elmont,Ashland,Virginia,VA
541096,Henry Clay,Ashland,Virginia,VA
541185,Rural Point,Mechanicville,Virginia,VA
541225,Washington Henry,Mechanicville,Virginia,VA
541045,Cool Spring,Mechanicville,Virginia,VA
541042,Cold Harbor,Mechanicville,Virginia,VA
541039,Chickahominy Middle School,Mechanicsville,Virginia,VA
541116,Kersey Creek,Mechanicville,Virginia,VA
541171,Pole Green,Mechanicville,Virginia,VA
541192,Shady Grove,Glen Allen,Virginia,VA
541026,Brookland Middle,Henrico,Virginia,VA
541036,Chamberlayne,Henrico,Virginia,VA
541062,Fairfield Middle,Henrico,Virginia,VA
541150,Moody Middle,Henrico,Virginia,VA
541007,Arthur Ashe,Henrico,Virginia,VA
541095,Henrico High School,Fairfield,Virginia,VA
541102,Highland Springs Elementary,Highland Springs,Virginia,VA
541215,Tucker High School,Henrico,Virginia,VA
541052,Davis Elementary,Richmond,Virginia,VA
541122,Lakeside,Henrico,Virginia,VA
541136,Longdale Elementary,Glen Allen,Virginia,VA
541167,Pemberton,Henrico,Virginia,VA
541169,Pinchbeck Elementary,Henrico,Virginia,VA
541173,Ratcliffe Elementary,Henrico,Virginia,VA
541194,Short Pump Middle,Glen Allen,Virginia,VA
541212,Trevvett Elementary,Henrico,Virginia,VA
541214,Tuckahoe Middle,Henrico,Virginia,VA
541217,Varina High School,Henrico,Virginia,VA
541222,Ward Elementary,Henrico,Virginia,VA
541203,Springfield Park Elementary,Glen Allen,Virginia,VA
541157,Nuckols Farm Elementary,Henrico,Virginia,VA
541183,Rolfe Middle,Henrico,Virginia,VA
541170,Pocahontas Middle,Henrico,Virginia,VA
541055,Echo Lake,Glen Allen,Virginia,VA
541145,Mehfoud,Henrico,Virginia,VA
541107,Hungary Creek Middle,Glen Allen,Virginia,VA